                  epoch,         train/box_loss,         train/cls_loss,         train/dfl_loss,   metrics/precision(B),      metrics/recall(B),       metrics/mAP50(B),    metrics/mAP50-95(B),           val/box_loss,           val/cls_loss,           val/dfl_loss,                 lr/pg0,                 lr/pg1,                 lr/pg2
                      1,                0.85659,                0.83604,                 1.2783,                0.96152,                0.99943,                0.99133,                0.81801,                0.68204,                 0.3307,                 1.1172,              0.0033145,              0.0033145,              0.0033145
                      2,                0.83912,                0.53193,                 1.2392,                0.92729,                   0.97,                0.96979,                0.78425,                0.68332,                0.50309,                 1.1353,              0.0066259,              0.0066259,              0.0066259
                      3,                0.88999,                0.59983,                  1.285,                 0.8513,                0.85872,                0.89639,                0.61019,                 1.0685,                0.88431,                 1.5499,              0.0099153,              0.0099153,              0.0099153
                      4,                0.93172,                0.67318,                 1.3023,                0.91369,                0.95278,                 0.9792,                0.76402,                0.80772,                 0.5783,                 1.2629,               0.009901,               0.009901,               0.009901
                      5,                0.90537,                0.63154,                 1.2934,                 0.9306,                   0.96,                0.96767,                0.78774,                 0.7196,                0.51196,                 1.1912,               0.009868,               0.009868,               0.009868
                      6,                0.89539,                0.59444,                 1.2667,                0.92498,                   0.94,                0.96829,                0.68402,                0.99818,                0.72428,                 1.4796,               0.009835,               0.009835,               0.009835
                      7,                0.84107,                0.56885,                 1.2544,                0.96991,                0.96705,                0.98709,                0.80426,                 0.7389,                0.44849,                 1.1813,               0.009802,               0.009802,               0.009802
                      8,                0.82182,                0.52019,                 1.2235,                0.95206,                      1,                0.98439,                0.85578,                0.61505,                0.40687,                 1.0862,               0.009769,               0.009769,               0.009769
                      9,                0.80792,                0.52268,                 1.2338,                 0.9513,                0.97674,                0.96863,                0.83022,                0.60895,                0.43251,                 1.1004,               0.009736,               0.009736,               0.009736
                     10,                0.76826,                0.51214,                 1.1819,                0.97934,                   0.98,                0.98459,                0.83656,                 0.6307,                0.39384,                 1.0993,               0.009703,               0.009703,               0.009703
                     11,                0.75583,                0.48879,                 1.1859,                0.97757,                   0.99,                0.99325,                0.87675,                0.54649,                0.34749,                 1.0391,                0.00967,                0.00967,                0.00967
                     12,                0.73953,                0.47714,                 1.1848,                0.96009,                0.96226,                0.98818,                0.86703,                0.53453,                0.38091,                  1.034,               0.009637,               0.009637,               0.009637
                     13,                0.72937,                0.44956,                 1.1658,                0.97904,                   0.99,                0.99392,                  0.868,                0.58697,                0.35111,                 1.0944,               0.009604,               0.009604,               0.009604
                     14,                 0.6949,                 0.4447,                 1.1447,                0.97046,                0.98545,                0.99005,                0.87625,                 0.5131,                0.33933,                 1.0097,               0.009571,               0.009571,               0.009571
                     15,                 0.6752,                0.43453,                 1.1341,                0.97086,                0.99949,                0.99204,                0.89969,                0.47778,                0.32083,                0.97575,               0.009538,               0.009538,               0.009538
                     16,                0.66099,                0.42238,                 1.1193,                0.98037,                0.99904,                 0.9926,                0.90047,                0.47652,                 0.3011,                0.96246,               0.009505,               0.009505,               0.009505
                     17,                0.64467,                0.41372,                 1.1147,                0.97818,                   0.99,                0.99194,                 0.8988,                0.49179,                0.30502,                0.99873,               0.009472,               0.009472,               0.009472
                     18,                 0.6273,                0.40408,                 1.0975,                0.98844,                      1,                0.98965,                0.88879,                0.50841,                0.32626,                 1.0075,               0.009439,               0.009439,               0.009439
                     19,                0.61088,                0.39696,                 1.0923,                0.96997,                0.96889,                0.98764,                0.89427,                0.46011,                0.34943,                0.98447,               0.009406,               0.009406,               0.009406
                     20,                0.59218,                0.39339,                 1.0753,                0.98887,                      1,                0.99312,                 0.9151,                 0.4293,                0.27875,                0.95392,               0.009373,               0.009373,               0.009373
                     21,                0.57865,                0.38401,                 1.0768,                0.98936,                      1,                0.99252,                0.91711,                0.43976,                0.28386,                0.95868,                0.00934,                0.00934,                0.00934
                     22,                0.57783,                0.37464,                 1.0724,                0.96902,                   0.99,                0.99046,                0.93795,                0.39111,                 0.2802,                0.90985,               0.009307,               0.009307,               0.009307
                     23,                 0.5692,                0.37215,                 1.0757,                0.99009,                0.99915,                0.99272,                0.93284,                0.38983,                0.25797,                0.91995,               0.009274,               0.009274,               0.009274
                     24,                 0.5676,                0.37258,                 1.0751,                0.98919,                      1,                0.99233,                0.93531,                0.37914,                0.26901,                0.90763,               0.009241,               0.009241,               0.009241
                     25,                0.55628,                0.36218,                 1.0536,                0.98959,                      1,                0.99213,                0.94082,                0.37068,                0.26015,                0.90274,               0.009208,               0.009208,               0.009208
                     26,                 0.5287,                0.35126,                 1.0496,                 0.9524,                   0.97,                 0.9794,                0.88557,                0.48494,                0.33538,                 1.0707,               0.009175,               0.009175,               0.009175
                     27,                0.52734,                0.35047,                   1.04,                 0.9851,                      1,                0.99054,                0.94124,                0.35258,                0.24921,                0.88774,               0.009142,               0.009142,               0.009142
                     28,                0.51731,                 0.3444,                 1.0378,                0.98951,                      1,                0.99243,                0.94467,                0.34627,                0.24052,                0.88739,               0.009109,               0.009109,               0.009109
                     29,                0.52992,                 0.3503,                 1.0542,                0.97839,                   0.99,                0.99239,                  0.939,                0.37222,                0.25538,                0.90085,               0.009076,               0.009076,               0.009076
                     30,                0.49978,                0.33736,                 1.0209,                0.99009,                0.99905,                0.99213,                0.95092,                0.34303,                0.24363,                0.88147,               0.009043,               0.009043,               0.009043
                     31,                0.50851,                0.34565,                 1.0354,                0.99009,                0.99907,                0.99144,                0.93922,                0.33293,                0.24472,                 0.8709,                0.00901,                0.00901,                0.00901
                     32,                0.47703,                0.32505,                 1.0192,                0.98948,                      1,                0.99381,                0.95624,                0.33405,                0.24338,                0.87881,               0.008977,               0.008977,               0.008977
                     33,                 0.4794,                0.33143,                 1.0183,                0.98826,                      1,                0.99104,                0.95693,                 0.3184,                0.22507,                0.85641,               0.008944,               0.008944,               0.008944
                     34,                0.48265,                0.32363,                  1.021,                0.98934,                      1,                0.99262,                0.95927,                0.30827,                0.22963,                0.86736,               0.008911,               0.008911,               0.008911
                     35,                0.47612,                 0.3276,                 1.0167,                0.98821,                      1,                0.99282,                0.96743,                0.31793,                0.23662,                0.86829,               0.008878,               0.008878,               0.008878
                     36,                0.45925,                0.31449,                 0.9936,                0.98906,                      1,                0.99252,                0.96162,                0.30682,                0.21628,                0.86742,               0.008845,               0.008845,               0.008845
                     37,                0.46274,                0.32175,                  1.014,                0.98944,                      1,                0.99134,                0.95973,                 0.2987,                0.22522,                0.86197,               0.008812,               0.008812,               0.008812
                     38,                0.45797,                0.30278,                 1.0032,                0.99674,                      1,                  0.995,                 0.9719,                0.29138,                0.20942,                0.86385,               0.008779,               0.008779,               0.008779
                     39,                0.45418,                0.31212,                 1.0058,                0.98967,                      1,                0.99322,                0.96571,                0.28488,                0.20807,                0.85605,               0.008746,               0.008746,               0.008746
                     40,                0.44577,                0.31019,                      1,                0.98945,                      1,                0.99421,                0.96823,                0.29787,                0.21466,                0.85014,               0.008713,               0.008713,               0.008713
                     41,                0.43678,                0.29951,                0.98683,                0.98949,                      1,                0.99292,                 0.9727,                 0.2816,                0.20737,                0.83809,                0.00868,                0.00868,                0.00868
                     42,                0.43777,                0.30093,                0.99684,                0.98819,                      1,                0.99312,                0.95725,                0.28545,                0.21089,                0.85466,               0.008647,               0.008647,               0.008647
                     43,                0.44251,                0.30333,                0.98939,                0.98938,                      1,                0.99262,                0.97312,                0.26722,                0.21162,                0.85011,               0.008614,               0.008614,               0.008614
                     44,                 0.4231,                0.29281,                0.99134,                 0.9892,                      1,                0.99203,                0.97467,                0.25034,                0.20299,                0.83272,               0.008581,               0.008581,               0.008581
                     45,                0.42896,                0.29662,                0.98196,                0.98927,                      1,                0.99292,                0.97201,                0.26425,                0.19629,                0.83232,               0.008548,               0.008548,               0.008548
                     46,                0.40707,                0.27867,                0.98341,                0.98936,                      1,                0.99361,                0.97728,                0.26207,                0.19485,                0.83511,               0.008515,               0.008515,               0.008515
                     47,                 0.4114,                 0.2825,                0.98396,                0.99468,                      1,                  0.995,                0.97275,                 0.2508,                0.17864,                0.82953,               0.008482,               0.008482,               0.008482
                     48,                0.41862,                0.28078,                0.98181,                0.98951,                      1,                 0.9945,                0.97171,                0.26865,                0.19378,                0.83979,               0.008449,               0.008449,               0.008449
                     49,                0.39036,                0.27396,                0.97227,                0.98952,                      1,                0.99312,                0.98049,                0.24535,                0.19071,                0.84076,               0.008416,               0.008416,               0.008416
                     50,                0.39709,                0.27509,                0.96869,                  0.989,                      1,                0.99342,                0.97667,                0.25624,                0.19416,                0.83258,               0.008383,               0.008383,               0.008383
                     51,                0.39837,                0.28165,                0.96999,                0.98951,                      1,                 0.9949,                0.97922,                0.23974,                0.18985,                0.83428,                0.00835,                0.00835,                0.00835
                     52,                0.39602,                0.27766,                0.97058,                0.99929,                      1,                  0.995,                0.97971,                0.22895,                0.16171,                0.82733,               0.008317,               0.008317,               0.008317
                     53,                0.39294,                0.27225,                0.97067,                0.99835,                      1,                  0.995,                0.97273,                0.24948,                0.18254,                0.82681,               0.008284,               0.008284,               0.008284
                     54,                0.38533,                0.27211,                0.97334,                0.99926,                      1,                  0.995,                0.98311,                0.24061,                0.17491,                0.82501,               0.008251,               0.008251,               0.008251
                     55,                0.38477,                0.25924,                0.97442,                0.99939,                      1,                  0.995,                0.98337,                0.22433,                0.17001,                  0.818,               0.008218,               0.008218,               0.008218
                     56,                0.37991,                 0.2661,                0.96037,                 0.9987,                      1,                  0.995,                0.98285,                0.23099,                0.16948,                0.82516,               0.008185,               0.008185,               0.008185
                     57,                0.37543,                0.26623,                0.95558,                0.99815,                      1,                  0.995,                0.98515,                0.21775,                0.17168,                0.81577,               0.008152,               0.008152,               0.008152
                     58,                0.35878,                0.26023,                0.95996,                0.99936,                      1,                  0.995,                 0.9843,                 0.2108,                0.16183,                0.81121,               0.008119,               0.008119,               0.008119
                     59,                0.36782,                0.26197,                0.95914,                0.99853,                      1,                  0.995,                0.98509,                0.20668,                0.17394,                0.81447,               0.008086,               0.008086,               0.008086
                     60,                0.37153,                 0.2683,                0.96201,                0.99937,                      1,                  0.995,                0.98308,                0.22323,                0.16902,                0.81941,               0.008053,               0.008053,               0.008053
                     61,                0.36815,                0.25958,                0.95362,                0.99941,                      1,                  0.995,                0.98292,                0.22247,                0.17056,                0.83274,                0.00802,                0.00802,                0.00802
                     62,                0.34042,                0.24241,                0.93924,                0.99933,                      1,                  0.995,                0.98223,                 0.2309,                0.17399,                0.82449,               0.007987,               0.007987,               0.007987
                     63,                0.35905,                0.25753,                0.95207,                0.99942,                      1,                  0.995,                0.98448,                0.21924,                0.17998,                0.82265,               0.007954,               0.007954,               0.007954
                     64,                0.34805,                0.25595,                0.94796,                0.99956,                      1,                  0.995,                0.98548,                0.21071,                0.16344,                 0.8213,               0.007921,               0.007921,               0.007921
                     65,                0.34615,                0.24651,                0.94172,                0.99943,                      1,                  0.995,                0.98575,                0.21199,                0.15461,                0.81346,               0.007888,               0.007888,               0.007888
                     66,                0.33977,                0.24509,                0.93944,                 0.9994,                      1,                  0.995,                0.98365,                0.21579,                 0.1627,                0.82729,               0.007855,               0.007855,               0.007855
                     67,                0.33435,                0.23724,                0.93807,                0.99937,                      1,                  0.995,                0.98233,                0.22233,                0.15894,                0.82341,               0.007822,               0.007822,               0.007822
                     68,                0.34296,                0.24788,                0.94175,                0.99942,                      1,                  0.995,                 0.9799,                0.20631,                 0.1568,                0.81741,               0.007789,               0.007789,               0.007789
                     69,                  0.338,                  0.241,                0.94182,                 0.9994,                      1,                  0.995,                0.98662,                0.20246,                0.15164,                 0.8214,               0.007756,               0.007756,               0.007756
                     70,                0.34325,                0.25032,                 0.9515,                0.99905,                      1,                  0.995,                0.98614,                0.19467,                0.17289,                0.81608,               0.007723,               0.007723,               0.007723
                     71,                0.33404,                0.23915,                0.94161,                0.99926,                      1,                  0.995,                0.98551,                0.20763,                0.16928,                0.82491,                0.00769,                0.00769,                0.00769
                     72,                0.33873,                0.23771,                 0.9424,                0.99942,                      1,                  0.995,                0.98592,                0.21871,                0.16874,                0.81965,               0.007657,               0.007657,               0.007657
                     73,                0.33014,                0.23994,                0.94247,                0.99942,                      1,                  0.995,                0.98735,                0.20741,                0.17035,                 0.8185,               0.007624,               0.007624,               0.007624
                     74,                0.31968,                0.23326,                0.93401,                0.99942,                      1,                  0.995,                0.98893,                0.18899,                0.14835,                0.80861,               0.007591,               0.007591,               0.007591
                     75,                0.32511,                0.23759,                0.93499,                0.99943,                      1,                  0.995,                0.99048,                 0.1959,                0.14209,                0.81153,               0.007558,               0.007558,               0.007558
                     76,                0.31309,                 0.2312,                0.92791,                 0.9993,                      1,                  0.995,                0.98805,                0.19092,                0.14746,                0.80792,               0.007525,               0.007525,               0.007525
                     77,                0.32009,                0.23354,                0.93353,                0.98884,                      1,                 0.9947,                0.98686,                0.18533,                 0.1458,                0.81018,               0.007492,               0.007492,               0.007492
                     78,                0.32137,                0.23079,                0.92803,                0.99931,                      1,                  0.995,                0.98866,                0.17825,                0.13631,                0.80827,               0.007459,               0.007459,               0.007459
                     79,                0.30872,                0.23034,                0.93158,                 0.9994,                      1,                  0.995,                0.98674,                 0.1808,                0.14477,                0.80381,               0.007426,               0.007426,               0.007426
                     80,                0.31229,                0.23116,                0.93534,                0.99939,                      1,                  0.995,                0.98364,                  0.187,                0.14474,                0.80401,               0.007393,               0.007393,               0.007393
                     81,                 0.3163,                 0.2388,                0.92603,                0.99877,                      1,                  0.995,                0.98747,                0.18916,                 0.1525,                0.80201,                0.00736,                0.00736,                0.00736
                     82,                0.30877,                0.23455,                0.92286,                0.99943,                      1,                  0.995,                0.98947,                0.17886,                0.14709,                0.80947,               0.007327,               0.007327,               0.007327
                     83,                0.29652,                0.22161,                0.91712,                0.99943,                      1,                  0.995,                0.98852,                0.18846,                0.14889,                0.81251,               0.007294,               0.007294,               0.007294
                     84,                0.30654,                0.22708,                0.92382,                0.99935,                      1,                  0.995,                0.99244,                0.16532,                0.13723,                0.80218,               0.007261,               0.007261,               0.007261
                     85,                0.30597,                0.22404,                0.92816,                0.99931,                      1,                  0.995,                 0.9898,                0.17062,                0.14092,                 0.8013,               0.007228,               0.007228,               0.007228
                     86,                0.30032,                0.22524,                0.91583,                0.99932,                      1,                  0.995,                0.98914,                0.17182,                0.13593,                0.79503,               0.007195,               0.007195,               0.007195
                     87,                0.29424,                 0.2226,                0.92359,                0.99942,                      1,                  0.995,                0.98957,                0.17287,                 0.1386,                 0.8009,               0.007162,               0.007162,               0.007162
                     88,                 0.2995,                0.22034,                0.92138,                0.99929,                      1,                  0.995,                0.99013,                0.16017,                0.13713,                0.79527,               0.007129,               0.007129,               0.007129
                     89,                0.29036,                0.21412,                0.91941,                0.99913,                      1,                  0.995,                0.98829,                0.17575,                0.13217,                0.79882,               0.007096,               0.007096,               0.007096
                     90,                0.27451,                0.21219,                0.91619,                0.99944,                      1,                  0.995,                0.98954,                 0.1843,                 0.1432,                0.80581,               0.007063,               0.007063,               0.007063
                     91,                0.28366,                0.21134,                0.91757,                0.99944,                      1,                  0.995,                0.99151,                 0.1671,                0.13325,                0.80079,                0.00703,                0.00703,                0.00703
                     92,                0.28979,                0.21758,                0.91697,                0.99936,                      1,                  0.995,                0.99099,                0.15546,                0.13228,                0.79964,               0.006997,               0.006997,               0.006997
                     93,                0.28674,                 0.2194,                0.91938,                0.99942,                      1,                  0.995,                0.99328,                0.15479,                0.13122,                0.80218,               0.006964,               0.006964,               0.006964
                     94,                0.28485,                0.21819,                0.91777,                0.99919,                      1,                  0.995,                0.99015,                0.16335,                0.13205,                0.79723,               0.006931,               0.006931,               0.006931
                     95,                0.28232,                0.21545,                0.91973,                0.99941,                      1,                  0.995,                0.99192,                0.15889,                   0.13,                 0.7949,               0.006898,               0.006898,               0.006898
                     96,                0.27445,                 0.2031,                0.91152,                0.99938,                      1,                  0.995,                0.99077,                0.15619,                0.12372,                0.79615,               0.006865,               0.006865,               0.006865
                     97,                0.28451,                0.21501,                0.92431,                0.99943,                      1,                  0.995,                 0.9911,                0.15961,                0.12921,                0.79875,               0.006832,               0.006832,               0.006832
                     98,                0.28582,                0.21714,                0.90876,                0.99944,                      1,                  0.995,                0.99429,                0.15132,                0.13109,                0.79565,               0.006799,               0.006799,               0.006799
                     99,                0.26862,                0.20706,                0.91185,                0.99943,                      1,                  0.995,                0.99222,                0.14885,                0.12781,                0.79601,               0.006766,               0.006766,               0.006766
                    100,                0.26589,                0.20164,                0.90658,                0.99939,                      1,                  0.995,                0.99196,                0.15026,                0.12874,                0.79457,               0.006733,               0.006733,               0.006733
                    101,                0.27831,                0.20807,                0.91125,                0.99945,                      1,                  0.995,                0.98982,                0.14922,                0.13189,                0.79049,                 0.0067,                 0.0067,                 0.0067
                    102,                 0.2716,                0.20712,                0.90319,                0.99945,                      1,                  0.995,                0.99268,                0.14385,                0.11961,                0.79128,               0.006667,               0.006667,               0.006667
                    103,                0.27139,                0.21053,                0.90848,                0.99944,                      1,                  0.995,                0.99354,                0.14557,                0.12267,                0.79034,               0.006634,               0.006634,               0.006634
                    104,                 0.2619,                0.20287,                0.90723,                0.99938,                      1,                  0.995,                 0.9921,                0.14945,                0.12852,                0.79307,               0.006601,               0.006601,               0.006601
                    105,                0.25992,                0.20293,                0.91097,                0.99913,                      1,                  0.995,                0.99349,                0.14536,                 0.1261,                0.78792,               0.006568,               0.006568,               0.006568
                    106,                0.26508,                0.20145,                0.89977,                0.99944,                      1,                  0.995,                0.99208,                 0.1462,                0.12536,                0.78723,               0.006535,               0.006535,               0.006535
                    107,                0.26904,                0.20245,                0.90937,                0.99944,                      1,                  0.995,                0.99264,                0.14974,                0.12254,                0.79237,               0.006502,               0.006502,               0.006502
                    108,                0.26039,                 0.2086,                0.90634,                0.99942,                      1,                  0.995,                0.99474,                 0.1384,                0.12688,                0.79284,               0.006469,               0.006469,               0.006469
                    109,                0.25532,                0.20158,                0.90328,                0.99936,                      1,                  0.995,                0.99292,                0.13808,                0.11751,                0.78509,               0.006436,               0.006436,               0.006436
                    110,                0.26103,                0.20312,                0.90055,                0.99935,                      1,                  0.995,                0.99106,                0.13393,                0.12028,                0.78687,               0.006403,               0.006403,               0.006403
                    111,                0.25346,                0.19823,                0.89537,                0.99939,                      1,                  0.995,                0.99411,                0.13154,                0.11847,                0.78382,                0.00637,                0.00637,                0.00637
                    112,                0.24596,                0.19127,                 0.9013,                0.99935,                      1,                  0.995,                0.99225,                0.13851,                0.11892,                0.78714,               0.006337,               0.006337,               0.006337
                    113,                0.25719,                0.19778,                0.89894,                0.99942,                      1,                  0.995,                0.99421,                0.13296,                0.12006,                0.78422,               0.006304,               0.006304,               0.006304
                    114,                0.26018,                0.20009,                0.90332,                0.99945,                      1,                  0.995,                0.99362,                0.12906,                0.11759,                0.78468,               0.006271,               0.006271,               0.006271
                    115,                0.25496,                0.19588,                0.90209,                0.99945,                      1,                  0.995,                 0.9947,                0.12292,                0.11248,                0.78556,               0.006238,               0.006238,               0.006238
                    116,                0.25454,                 0.1968,                0.89705,                0.99944,                      1,                  0.995,                 0.9941,                 0.1273,                0.11481,                0.78533,               0.006205,               0.006205,               0.006205
                    117,                0.24419,                 0.1939,                0.91039,                0.99943,                      1,                  0.995,                0.99198,                0.12866,                0.10654,                 0.7797,               0.006172,               0.006172,               0.006172
                    118,                0.24018,                 0.1897,                0.90036,                0.99935,                      1,                  0.995,                0.99482,                0.13004,                0.10693,                0.78421,               0.006139,               0.006139,               0.006139
                    119,                0.24282,                0.19329,                0.89815,                0.99943,                      1,                  0.995,                0.99349,                0.12793,                0.11295,                0.78225,               0.006106,               0.006106,               0.006106
                    120,                0.24852,                0.19235,                0.89868,                0.99943,                      1,                  0.995,                0.99301,                0.12952,                0.10897,                0.78217,               0.006073,               0.006073,               0.006073
                    121,                0.23729,                0.18703,                 0.8957,                0.99946,                      1,                  0.995,                0.99261,                0.14109,                0.11333,                0.78886,                0.00604,                0.00604,                0.00604
                    122,                0.24086,                0.18653,                0.89199,                0.99917,                      1,                  0.995,                0.99345,                0.13934,                0.11258,                0.78875,               0.006007,               0.006007,               0.006007
                    123,                0.24409,                0.19157,                0.89649,                0.99945,                      1,                  0.995,                  0.995,                0.13121,                0.11415,                0.78748,               0.005974,               0.005974,               0.005974
                    124,                0.23252,                0.18338,                0.88281,                0.99944,                      1,                  0.995,                0.99484,                0.11772,                0.10828,                0.78059,               0.005941,               0.005941,               0.005941
                    125,                0.23534,                0.18694,                0.89298,                0.99932,                      1,                  0.995,                0.99432,                0.11986,                0.10753,                0.78154,               0.005908,               0.005908,               0.005908
                    126,                0.23834,                0.18587,                0.89467,                0.99946,                      1,                  0.995,                0.99166,                0.12907,                0.11151,                0.78344,               0.005875,               0.005875,               0.005875
                    127,                 0.2378,                0.18833,                0.89161,                0.99944,                      1,                  0.995,                 0.9942,                0.11532,                0.10643,                0.77967,               0.005842,               0.005842,               0.005842
                    128,                0.23697,                0.18712,                0.89506,                0.99943,                      1,                  0.995,                0.99418,                0.12552,                0.11019,                0.78852,               0.005809,               0.005809,               0.005809
                    129,                0.23531,                0.18192,                0.89671,                0.99945,                      1,                  0.995,                0.99307,                0.12325,                0.10726,                0.78398,               0.005776,               0.005776,               0.005776
                    130,                0.23098,                0.17821,                0.89566,                0.99945,                      1,                  0.995,                0.99394,                0.12606,                0.10879,                0.78736,               0.005743,               0.005743,               0.005743
                    131,                0.23108,                0.18067,                0.89494,                 0.9994,                      1,                  0.995,                0.99464,                0.11895,                0.10624,                0.78236,                0.00571,                0.00571,                0.00571
                    132,                0.22157,                0.17737,                 0.8868,                0.99944,                      1,                  0.995,                0.99471,                0.11121,                0.09928,                0.77775,               0.005677,               0.005677,               0.005677
                    133,                0.22215,                 0.1846,                0.89045,                0.99941,                      1,                  0.995,                0.99385,                0.11439,                0.10494,                  0.777,               0.005644,               0.005644,               0.005644
                    134,                0.22661,                 0.1831,                0.89239,                0.99944,                      1,                  0.995,                0.99365,                0.11125,                0.10271,                0.77932,               0.005611,               0.005611,               0.005611
                    135,                0.22377,                0.18636,                0.88947,                0.99943,                      1,                  0.995,                0.99482,                0.11727,                0.10168,                0.77828,               0.005578,               0.005578,               0.005578
                    136,                0.22441,                0.17788,                0.88673,                0.99942,                      1,                  0.995,                0.99428,                 0.1187,                0.10363,                0.78213,               0.005545,               0.005545,               0.005545
                    137,                0.23091,                0.18282,                0.89513,                0.99942,                      1,                  0.995,                0.99412,                0.12099,                0.10673,                0.78337,               0.005512,               0.005512,               0.005512
                    138,                 0.2298,                0.18221,                0.88822,                0.99941,                      1,                  0.995,                0.99423,                 0.1182,                0.10475,                0.78045,               0.005479,               0.005479,               0.005479
                    139,                0.22218,                0.17748,                0.88526,                0.99945,                      1,                  0.995,                0.99486,                0.10922,                0.10555,                0.77854,               0.005446,               0.005446,               0.005446
                    140,                0.21658,                0.17873,                0.89118,                 0.9994,                      1,                  0.995,                0.99345,                 0.1101,                  0.101,                 0.7799,               0.005413,               0.005413,               0.005413
                    141,                0.22683,                0.17807,                0.88463,                0.99924,                      1,                  0.995,                0.99413,                0.11514,                0.10639,                0.77937,                0.00538,                0.00538,                0.00538
                    142,                0.21345,                0.17429,                0.87781,                0.99935,                      1,                  0.995,                0.99343,                0.11314,                0.10217,                  0.773,               0.005347,               0.005347,               0.005347
                    143,                0.21601,                0.17641,                0.88465,                0.99943,                      1,                  0.995,                0.99341,                0.10829,                0.10054,                0.77584,               0.005314,               0.005314,               0.005314
                    144,                0.21603,                0.17239,                0.88832,                0.99933,                      1,                  0.995,                0.99352,                0.11336,                 0.1013,                0.77862,               0.005281,               0.005281,               0.005281
                    145,                0.20977,                  0.173,                0.87908,                0.99942,                      1,                  0.995,                0.99478,                0.10296,                0.09569,                0.76782,               0.005248,               0.005248,               0.005248
                    146,                0.21229,                0.17194,                0.88109,                0.99942,                      1,                  0.995,                0.99403,                0.10373,                0.09733,                0.77248,               0.005215,               0.005215,               0.005215
                    147,                0.21117,                0.17476,                0.88229,                0.99945,                      1,                  0.995,                0.99489,                0.10949,                0.10151,                0.77949,               0.005182,               0.005182,               0.005182
                    148,                0.21157,                0.17132,                0.88166,                0.99936,                      1,                  0.995,                  0.995,                0.10685,                0.09386,                0.77577,               0.005149,               0.005149,               0.005149
                    149,                 0.2139,                0.17691,                0.87821,                0.99946,                      1,                  0.995,                  0.995,                0.11026,                0.10362,                0.78175,               0.005116,               0.005116,               0.005116
                    150,                 0.2139,                0.17588,                0.88756,                 0.9987,                      1,                  0.995,                  0.995,                0.11167,                 0.1069,                0.78106,               0.005083,               0.005083,               0.005083
                    151,                 0.2083,                0.17321,                0.87882,                 0.9994,                      1,                  0.995,                0.99483,                0.11434,                0.10273,                0.78049,                0.00505,                0.00505,                0.00505
                    152,                0.20499,                0.17019,                0.88251,                0.99934,                      1,                  0.995,                  0.995,                0.10585,                0.10041,                0.77773,               0.005017,               0.005017,               0.005017
                    153,                0.20324,                0.17336,                0.88294,                0.99935,                      1,                  0.995,                0.99365,                 0.1083,                0.09747,                0.77706,               0.004984,               0.004984,               0.004984
                    154,                0.20131,                0.17091,                0.87372,                0.99928,                      1,                  0.995,                  0.995,                0.10423,                0.09584,                0.77783,               0.004951,               0.004951,               0.004951
                    155,                0.20372,                0.16948,                0.88138,                0.99938,                      1,                  0.995,                  0.995,                0.10603,                0.10343,                0.78101,               0.004918,               0.004918,               0.004918
                    156,                0.20519,                0.17246,                0.87784,                0.99913,                      1,                  0.995,                0.99468,                0.10352,                0.09662,                 0.7785,               0.004885,               0.004885,               0.004885
                    157,                0.20543,                0.17071,                0.88118,                0.99937,                      1,                  0.995,                0.99483,                0.10254,                0.09324,                0.77737,               0.004852,               0.004852,               0.004852
                    158,                0.20172,                0.16356,                0.88435,                 0.9994,                      1,                  0.995,                0.99476,                0.09567,                0.09099,                 0.7732,               0.004819,               0.004819,               0.004819
                    159,                0.20965,                0.16383,                0.87435,                0.99898,                      1,                  0.995,                  0.995,                0.09843,                 0.0948,                0.77511,               0.004786,               0.004786,               0.004786
                    160,                0.20705,                0.16248,                0.87946,                  0.999,                      1,                  0.995,                  0.995,                0.09273,                0.09603,                0.77379,               0.004753,               0.004753,               0.004753
                    161,                0.20109,                0.16382,                0.88317,                0.99934,                      1,                  0.995,                  0.995,                0.09295,                0.08802,                0.77199,                0.00472,                0.00472,                0.00472
                    162,                0.19789,                0.16614,                 0.8782,                0.99938,                      1,                  0.995,                  0.995,                0.08895,                0.09492,                0.77123,               0.004687,               0.004687,               0.004687
                    163,                0.19629,                 0.1597,                0.87447,                0.99938,                      1,                  0.995,                  0.995,                0.09434,                0.09308,                0.77373,               0.004654,               0.004654,               0.004654
                    164,                0.19518,                 0.1665,                0.87617,                0.99945,                      1,                  0.995,                0.99486,                 0.0926,                  0.095,                0.77092,               0.004621,               0.004621,               0.004621
                    165,                0.19259,                0.16087,                0.87676,                0.99946,                      1,                  0.995,                  0.995,                0.09004,                0.08975,                0.76985,               0.004588,               0.004588,               0.004588
                    166,                0.19281,                0.16161,                0.87829,                 0.9994,                      1,                  0.995,                  0.995,                 0.0906,                0.08875,                0.77211,               0.004555,               0.004555,               0.004555
                    167,                0.18732,                0.16044,                0.87372,                0.99941,                      1,                  0.995,                0.99476,                0.09314,                0.08963,                0.77331,               0.004522,               0.004522,               0.004522
                    168,                0.19619,                0.16267,                0.87415,                0.99945,                      1,                  0.995,                0.99483,                0.09593,                0.09439,                0.77331,               0.004489,               0.004489,               0.004489
                    169,                0.18886,                0.16087,                0.86927,                0.99945,                      1,                  0.995,                0.99418,                 0.0946,                0.09249,                0.77335,               0.004456,               0.004456,               0.004456
                    170,                0.19315,                0.16109,                0.87723,                0.99946,                      1,                  0.995,                0.99466,                0.09548,                0.09857,                0.77028,               0.004423,               0.004423,               0.004423
                    171,                0.18967,                0.15947,                0.87734,                0.99941,                      1,                  0.995,                0.99416,                0.09788,                0.09576,                0.77613,                0.00439,                0.00439,                0.00439
                    172,                0.19422,                0.16297,                0.87734,                0.99942,                      1,                  0.995,                  0.995,                0.09221,                0.08895,                0.77192,               0.004357,               0.004357,               0.004357
                    173,                0.18611,                0.16003,                0.87628,                0.99944,                      1,                  0.995,                  0.995,                0.09318,                 0.0878,                0.77311,               0.004324,               0.004324,               0.004324
                    174,                0.19006,                0.15894,                0.87355,                0.99945,                      1,                  0.995,                  0.995,                 0.0888,                0.08802,                0.77261,               0.004291,               0.004291,               0.004291
                    175,                0.17912,                0.15391,                0.86989,                0.99946,                      1,                  0.995,                  0.995,                0.09248,                0.08382,                0.77339,               0.004258,               0.004258,               0.004258
                    176,                0.17923,                0.15222,                0.87214,                0.99947,                      1,                  0.995,                  0.995,                0.09209,                0.08614,                0.77215,               0.004225,               0.004225,               0.004225
                    177,                0.18161,                0.15354,                0.86623,                0.99946,                      1,                  0.995,                  0.995,                0.09067,                0.08351,                0.77105,               0.004192,               0.004192,               0.004192
                    178,                0.17674,                0.15056,                0.86375,                0.99946,                      1,                  0.995,                  0.995,                 0.0912,                0.08777,                0.77366,               0.004159,               0.004159,               0.004159
                    179,                0.18449,                0.14977,                0.86896,                0.99946,                      1,                  0.995,                  0.995,                0.08841,                0.08984,                0.77583,               0.004126,               0.004126,               0.004126
                    180,                0.18318,                0.15291,                 0.8712,                0.99946,                      1,                  0.995,                0.99432,                0.09023,                0.08689,                0.77302,               0.004093,               0.004093,               0.004093
                    181,                0.17738,                0.14422,                0.86707,                0.99946,                      1,                  0.995,                  0.995,                0.08843,                0.08687,                0.76597,                0.00406,                0.00406,                0.00406
                    182,                0.17621,                0.15004,                0.86963,                0.99947,                      1,                  0.995,                0.99481,                  0.088,                0.08535,                0.76458,               0.004027,               0.004027,               0.004027
                    183,                0.17708,                0.14851,                0.86354,                0.99945,                      1,                  0.995,                  0.995,                0.08963,                0.08996,                0.76707,               0.003994,               0.003994,               0.003994
                    184,                0.17016,                0.14914,                0.86917,                 0.9994,                      1,                  0.995,                  0.995,                0.08768,                0.08886,                0.77425,               0.003961,               0.003961,               0.003961
                    185,                0.17824,                0.14914,                0.87187,                0.99941,                      1,                  0.995,                  0.995,                0.08696,                0.09243,                0.77483,               0.003928,               0.003928,               0.003928
                    186,                0.17212,                0.14874,                0.86973,                0.99944,                      1,                  0.995,                  0.995,                0.08637,                0.08919,                0.77593,               0.003895,               0.003895,               0.003895
                    187,                0.17681,                 0.1513,                0.86828,                0.99946,                      1,                  0.995,                  0.995,                 0.0874,                0.09235,                0.77515,               0.003862,               0.003862,               0.003862
                    188,                0.17389,                0.15142,                0.86856,                0.99946,                      1,                  0.995,                  0.995,                0.08683,                0.08497,                 0.7744,               0.003829,               0.003829,               0.003829
                    189,                0.17143,                0.14584,                0.86906,                0.99946,                      1,                  0.995,                  0.995,                0.08597,                0.08239,                0.77236,               0.003796,               0.003796,               0.003796
                    190,                 0.1708,                0.14495,                0.87042,                0.99946,                      1,                  0.995,                  0.995,                0.08382,                0.08265,                0.77019,               0.003763,               0.003763,               0.003763
                    191,                0.17297,                0.15049,                0.87496,                0.99947,                      1,                  0.995,                  0.995,                0.08095,                0.08337,                0.77003,                0.00373,                0.00373,                0.00373
                    192,                0.17436,                0.14824,                0.87204,                0.99947,                      1,                  0.995,                0.99491,                0.08215,                0.08173,                0.76983,               0.003697,               0.003697,               0.003697
                    193,                0.16786,                0.14211,                0.86566,                0.99947,                      1,                  0.995,                  0.995,                0.08084,                0.08258,                0.77101,               0.003664,               0.003664,               0.003664
                    194,                0.17011,                0.14354,                0.86489,                0.99946,                      1,                  0.995,                  0.995,                0.08149,                0.08254,                0.77164,               0.003631,               0.003631,               0.003631
                    195,                0.16845,                0.14605,                0.86277,                0.99947,                      1,                  0.995,                  0.995,                 0.0818,                0.08726,                0.77298,               0.003598,               0.003598,               0.003598
                    196,                 0.1633,                0.14382,                 0.8658,                0.99946,                      1,                  0.995,                0.99493,                0.08154,                 0.0845,                0.77324,               0.003565,               0.003565,               0.003565
                    197,                0.16415,                0.14296,                0.86296,                0.99945,                      1,                  0.995,                0.99488,                0.08444,                0.08192,                 0.7747,               0.003532,               0.003532,               0.003532
                    198,                0.16416,                0.14045,                0.86586,                0.99945,                      1,                  0.995,                0.99487,                0.08386,                0.08018,                0.77411,               0.003499,               0.003499,               0.003499
                    199,                0.17021,                0.14835,                 0.8652,                0.99946,                      1,                  0.995,                  0.995,                0.08352,                 0.0841,                0.77144,               0.003466,               0.003466,               0.003466
                    200,                0.16319,                0.14496,                0.86752,                0.99943,                      1,                  0.995,                  0.995,                0.08027,                0.08352,                0.77153,               0.003433,               0.003433,               0.003433
                    201,                0.16915,                0.14555,                0.86599,                0.99937,                      1,                  0.995,                  0.995,                 0.0793,                0.07947,                0.77189,                 0.0034,                 0.0034,                 0.0034
                    202,                0.16156,                0.14427,                0.86185,                0.99946,                      1,                  0.995,                  0.995,                0.07906,                0.07989,                0.77168,               0.003367,               0.003367,               0.003367
                    203,                0.16184,                0.14199,                0.86304,                      1,                      1,                  0.995,                  0.995,                0.07793,                0.07557,                 0.7715,               0.003334,               0.003334,               0.003334
                    204,                0.16246,                0.13794,                0.86487,                0.99946,                      1,                  0.995,                0.99486,                0.07938,                0.07732,                0.77159,               0.003301,               0.003301,               0.003301
                    205,                0.15812,                0.14113,                0.86366,                0.99946,                      1,                  0.995,                  0.995,                 0.0796,                0.07717,                 0.7727,               0.003268,               0.003268,               0.003268
                    206,                0.16387,                0.13909,                0.86153,                0.99946,                      1,                  0.995,                  0.995,                0.08054,                0.07622,                0.77281,               0.003235,               0.003235,               0.003235
                    207,                0.15912,                0.14089,                0.86376,                0.99945,                      1,                  0.995,                  0.995,                0.08006,                0.07913,                0.77281,               0.003202,               0.003202,               0.003202
                    208,                0.16122,                0.13939,                0.86394,                 0.9994,                      1,                  0.995,                0.99485,                0.08045,                0.08218,                0.77213,               0.003169,               0.003169,               0.003169
                    209,                0.16408,                0.14266,                0.86271,                0.99944,                      1,                  0.995,                  0.995,                0.08009,                0.08217,                0.77154,               0.003136,               0.003136,               0.003136
                    210,                  0.151,                0.13299,                0.85924,                0.99945,                      1,                  0.995,                0.99479,                0.08046,                0.08247,                0.77114,               0.003103,               0.003103,               0.003103
                    211,                0.16149,                0.14175,                0.86088,                0.99945,                      1,                  0.995,                  0.995,                0.07967,                  0.083,                0.77212,                0.00307,                0.00307,                0.00307
                    212,                0.15734,                0.13994,                0.86261,                0.99945,                      1,                  0.995,                  0.995,                0.08034,                0.08224,                0.77372,               0.003037,               0.003037,               0.003037
                    213,                 0.1592,                0.13844,                0.86494,                0.99946,                      1,                  0.995,                  0.995,                0.08101,                0.08522,                0.77663,               0.003004,               0.003004,               0.003004
                    214,                0.15407,                 0.1407,                0.85951,                0.99947,                      1,                  0.995,                  0.995,                0.08038,                 0.0823,                0.77754,               0.002971,               0.002971,               0.002971
                    215,                 0.1502,                0.13337,                0.86299,                0.99946,                      1,                  0.995,                  0.995,                0.07999,                0.08673,                0.77736,               0.002938,               0.002938,               0.002938
                    216,                0.14789,                0.13431,                0.85818,                0.99946,                      1,                  0.995,                  0.995,                0.07891,                0.08526,                0.77826,               0.002905,               0.002905,               0.002905
                    217,                0.15421,                 0.1365,                0.86136,                0.99947,                      1,                  0.995,                  0.995,                0.07907,                 0.0825,                0.77811,               0.002872,               0.002872,               0.002872
                    218,                0.14754,                0.13412,                0.86338,                0.99947,                      1,                  0.995,                  0.995,                0.07922,                0.08284,                0.77751,               0.002839,               0.002839,               0.002839
                    219,                0.14662,                0.13294,                0.86235,                0.99946,                      1,                  0.995,                  0.995,                 0.0781,                0.07902,                 0.7761,               0.002806,               0.002806,               0.002806
                    220,                0.14548,                 0.1291,                0.85635,                0.99945,                      1,                  0.995,                  0.995,                 0.0783,                0.07676,                0.77609,               0.002773,               0.002773,               0.002773
                    221,                0.14885,                0.13171,                0.85463,                0.99946,                      1,                  0.995,                  0.995,                0.07766,                0.07992,                0.77631,                0.00274,                0.00274,                0.00274
                    222,                0.14804,                0.13138,                0.86088,                0.99946,                      1,                  0.995,                  0.995,                0.07575,                0.07689,                0.77472,               0.002707,               0.002707,               0.002707
                    223,                0.14589,                0.13044,                 0.8565,                0.99947,                      1,                  0.995,                  0.995,                0.07459,                0.07457,                0.77305,               0.002674,               0.002674,               0.002674
                    224,                 0.1486,                0.13328,                0.85478,                0.99947,                      1,                  0.995,                  0.995,                0.07303,                0.07574,                0.77117,               0.002641,               0.002641,               0.002641
                    225,                 0.1456,                 0.1275,                0.85498,                0.99947,                      1,                  0.995,                  0.995,                0.07224,                0.07589,                0.77074,               0.002608,               0.002608,               0.002608
                    226,                  0.145,                0.13237,                0.85764,                0.99948,                      1,                  0.995,                  0.995,                0.07166,                0.07361,                0.77076,               0.002575,               0.002575,               0.002575
                    227,                0.14428,                0.13083,                0.86781,                0.99947,                      1,                  0.995,                  0.995,                0.07411,                0.07791,                0.76996,               0.002542,               0.002542,               0.002542
                    228,                0.14432,                0.12503,                0.86167,                0.99946,                      1,                  0.995,                  0.995,                0.07466,                0.07913,                0.76923,               0.002509,               0.002509,               0.002509
                    229,                0.13992,                0.12755,                0.85392,                0.99946,                      1,                  0.995,                  0.995,                0.07396,                0.07775,                0.76821,               0.002476,               0.002476,               0.002476
                    230,                0.14171,                0.12764,                0.85853,                0.99946,                      1,                  0.995,                  0.995,                0.07312,                 0.0742,                0.76881,               0.002443,               0.002443,               0.002443
                    231,                0.14202,                0.12678,                0.85754,                0.99946,                      1,                  0.995,                  0.995,                0.07176,                0.07546,                0.76877,                0.00241,                0.00241,                0.00241
                    232,                0.13917,                0.12634,                  0.859,                0.99946,                      1,                  0.995,                  0.995,                 0.0695,                0.07725,                0.76809,               0.002377,               0.002377,               0.002377
                    233,                0.14199,                0.12759,                0.85918,                0.99946,                      1,                  0.995,                  0.995,                0.06836,                0.07414,                0.76711,               0.002344,               0.002344,               0.002344
                    234,                0.14002,                0.12553,                0.85927,                0.99946,                      1,                  0.995,                  0.995,                0.06923,                 0.0753,                0.76751,               0.002311,               0.002311,               0.002311
                    235,                0.13556,                0.12654,                0.85618,                0.99947,                      1,                  0.995,                  0.995,                0.06814,                 0.0765,                0.76696,               0.002278,               0.002278,               0.002278
                    236,                0.13485,                0.11997,                0.85236,                0.99947,                      1,                  0.995,                  0.995,                0.06787,                 0.0761,                0.76663,               0.002245,               0.002245,               0.002245
                    237,                0.13861,                0.12405,                0.85259,                0.99946,                      1,                  0.995,                  0.995,                0.06716,                0.07312,                0.76648,               0.002212,               0.002212,               0.002212
                    238,                0.13948,                0.12603,                0.85911,                0.99947,                      1,                  0.995,                  0.995,                0.06895,                0.07589,                0.76705,               0.002179,               0.002179,               0.002179
                    239,                0.13473,                0.12821,                0.85715,                0.99946,                      1,                  0.995,                  0.995,                0.06906,                0.07608,                0.76691,               0.002146,               0.002146,               0.002146
                    240,                0.13078,                0.12015,                0.85037,                0.99946,                      1,                  0.995,                  0.995,                0.06919,                0.07522,                0.76685,               0.002113,               0.002113,               0.002113
                    241,                0.14033,                0.12517,                0.85111,                0.99947,                      1,                  0.995,                  0.995,                0.06946,                0.07214,                0.76731,                0.00208,                0.00208,                0.00208
                    242,                0.13082,                0.11997,                0.85588,                0.99947,                      1,                  0.995,                  0.995,                0.06959,                0.07195,                0.76721,               0.002047,               0.002047,               0.002047
                    243,                0.12822,                0.11891,                0.85505,                0.99947,                      1,                  0.995,                  0.995,                0.06945,                0.07181,                 0.7669,               0.002014,               0.002014,               0.002014
                    244,                0.13283,                0.11884,                0.85245,                0.99948,                      1,                  0.995,                  0.995,                0.06885,                0.07274,                0.76685,               0.001981,               0.001981,               0.001981
                    245,                0.12933,                0.11622,                0.85836,                0.99947,                      1,                  0.995,                  0.995,                0.06789,                0.07322,                0.76658,               0.001948,               0.001948,               0.001948
                    246,                0.12757,                0.11917,                0.85854,                0.99948,                      1,                  0.995,                  0.995,                0.06749,                0.07361,                0.76807,               0.001915,               0.001915,               0.001915
                    247,                0.12635,                0.11534,                0.85574,                0.99947,                      1,                  0.995,                  0.995,                 0.0686,                 0.0743,                0.76867,               0.001882,               0.001882,               0.001882
                    248,                0.13114,                0.12188,                0.84906,                0.99947,                      1,                  0.995,                  0.995,                0.07001,                0.07666,                0.76913,               0.001849,               0.001849,               0.001849
                    249,                0.12827,                0.12164,                0.85484,                0.99948,                      1,                  0.995,                  0.995,                0.06898,                0.07368,                0.76849,               0.001816,               0.001816,               0.001816
                    250,                0.12575,                0.11819,                0.85733,                0.99947,                      1,                  0.995,                  0.995,                0.06802,                0.07082,                0.76833,               0.001783,               0.001783,               0.001783
                    251,                0.12365,                0.11764,                0.85307,                0.99947,                      1,                  0.995,                  0.995,                0.06799,                 0.0724,                0.76812,                0.00175,                0.00175,                0.00175
                    252,                0.12081,                0.11344,                0.85047,                0.99947,                      1,                  0.995,                  0.995,                0.06739,                0.07585,                0.76774,               0.001717,               0.001717,               0.001717
                    253,                0.12274,                0.11506,                0.85017,                0.99946,                      1,                  0.995,                  0.995,                0.06711,                 0.0737,                0.76765,               0.001684,               0.001684,               0.001684
                    254,                0.12161,                0.11208,                 0.8548,                0.99945,                      1,                  0.995,                  0.995,                0.06733,                0.07433,                0.76721,               0.001651,               0.001651,               0.001651
                    255,                0.11989,                0.10712,                0.84785,                0.99945,                      1,                  0.995,                  0.995,                0.06682,                0.07345,                0.76703,               0.001618,               0.001618,               0.001618
                    256,                0.11841,                0.11117,                0.84796,                0.99942,                      1,                  0.995,                  0.995,                0.06677,                0.07425,                0.76665,               0.001585,               0.001585,               0.001585
                    257,                0.12238,                0.11707,                0.85048,                0.99912,                      1,                  0.995,                  0.995,                 0.0667,                0.07406,                0.76687,               0.001552,               0.001552,               0.001552
                    258,                0.12188,                0.11445,                0.84912,                0.99872,                      1,                  0.995,                  0.995,                  0.067,                0.07735,                 0.7669,               0.001519,               0.001519,               0.001519
                    259,                0.11701,                0.11396,                 0.8539,                0.99869,                      1,                  0.995,                  0.995,                0.06671,                 0.0766,                0.76667,               0.001486,               0.001486,               0.001486
                    260,                0.12256,                0.11386,                0.85378,                0.99834,                      1,                  0.995,                  0.995,                0.06673,                 0.0775,                0.76687,               0.001453,               0.001453,               0.001453
                    261,                0.12096,                 0.1124,                0.85244,                0.99801,                      1,                  0.995,                  0.995,                0.06621,                0.07806,                0.76744,                0.00142,                0.00142,                0.00142
                    262,                0.11703,                0.11235,                0.85372,                0.99769,                      1,                  0.995,                  0.995,                0.06597,                0.07606,                 0.7677,               0.001387,               0.001387,               0.001387
                    263,                0.11522,                0.11111,                0.85482,                0.99718,                      1,                  0.995,                  0.995,                0.06617,                0.07724,                0.76767,               0.001354,               0.001354,               0.001354
                    264,                0.11769,                 0.1104,                0.84974,                0.99737,                      1,                  0.995,                  0.995,                0.06585,                0.07647,                0.76743,               0.001321,               0.001321,               0.001321
                    265,                0.11539,                0.10953,                0.84932,                0.99799,                      1,                  0.995,                  0.995,                0.06564,                0.07594,                0.76749,               0.001288,               0.001288,               0.001288
                    266,                0.11332,                0.10573,                0.84739,                0.99812,                      1,                  0.995,                  0.995,                0.06482,                0.07616,                0.76831,               0.001255,               0.001255,               0.001255
                    267,                0.11419,                0.10721,                0.84712,                 0.9982,                      1,                  0.995,                  0.995,                 0.0642,                0.07539,                0.76833,               0.001222,               0.001222,               0.001222
                    268,                0.11045,                0.10183,                0.84989,                0.99822,                      1,                  0.995,                  0.995,                0.06324,                0.07378,                0.76766,               0.001189,               0.001189,               0.001189
                    269,                0.11141,                 0.1032,                0.84826,                0.99831,                      1,                  0.995,                  0.995,                0.06237,                 0.0735,                0.76694,               0.001156,               0.001156,               0.001156
                    270,                0.11081,                0.10455,                0.84854,                0.99842,                      1,                  0.995,                  0.995,                0.06225,                0.07202,                0.76668,               0.001123,               0.001123,               0.001123
                    271,                0.10947,                0.10248,                0.84832,                0.99844,                      1,                  0.995,                  0.995,                0.06227,                0.07202,                0.76686,                0.00109,                0.00109,                0.00109
                    272,                0.11164,                0.10623,                0.84886,                0.99853,                      1,                  0.995,                  0.995,                0.06223,                0.07345,                0.76694,               0.001057,               0.001057,               0.001057
                    273,                0.10941,                0.10161,                0.84741,                0.99864,                      1,                  0.995,                  0.995,                0.06168,                0.07291,                0.76687,               0.001024,               0.001024,               0.001024
                    274,                0.10672,                0.10589,                0.84287,                0.99872,                      1,                  0.995,                  0.995,                0.06106,                 0.0721,                0.76641,               0.000991,               0.000991,               0.000991
                    275,                0.10378,                 0.1006,                 0.8489,                0.99873,                      1,                  0.995,                  0.995,                0.06117,                0.07226,                0.76658,               0.000958,               0.000958,               0.000958
                    276,                0.10817,                0.10517,                0.84824,                0.99881,                      1,                  0.995,                  0.995,                0.06125,                0.07209,                0.76688,               0.000925,               0.000925,               0.000925
                    277,                0.10973,                0.10599,                0.85242,                0.99947,                      1,                  0.995,                  0.995,                0.06119,                0.07249,                0.76686,               0.000892,               0.000892,               0.000892
                    278,                0.10579,                0.10366,                0.84755,                0.99947,                      1,                  0.995,                  0.995,                0.06122,                0.07302,                0.76662,               0.000859,               0.000859,               0.000859
                    279,                0.10724,                0.10222,                0.84817,                0.99946,                      1,                  0.995,                  0.995,                0.06079,                 0.0731,                0.76661,               0.000826,               0.000826,               0.000826
                    280,                0.10174,                0.09845,                0.84959,                0.99944,                      1,                  0.995,                  0.995,                0.06031,                0.07404,                0.76652,               0.000793,               0.000793,               0.000793
                    281,                0.10581,                 0.0997,                0.84765,                0.99945,                      1,                  0.995,                  0.995,                0.06029,                0.07226,                0.76629,                0.00076,                0.00076,                0.00076
                    282,                0.10341,                 0.0984,                0.85297,                0.99945,                      1,                  0.995,                  0.995,                0.05987,                0.07375,                0.76614,               0.000727,               0.000727,               0.000727
                    283,                0.10086,                 0.0981,                0.85234,                0.99946,                      1,                  0.995,                  0.995,                0.05986,                0.07388,                0.76613,               0.000694,               0.000694,               0.000694
                    284,                0.10304,                0.09762,                0.84033,                0.99946,                      1,                  0.995,                  0.995,                 0.0596,                 0.0727,                0.76629,               0.000661,               0.000661,               0.000661
                    285,                0.10454,                0.10714,                0.84766,                0.99947,                      1,                  0.995,                  0.995,                0.05992,                0.07273,                0.76606,               0.000628,               0.000628,               0.000628
                    286,                0.09948,                 0.0947,                0.85173,                0.99947,                      1,                  0.995,                  0.995,                0.05997,                0.07098,                0.76589,               0.000595,               0.000595,               0.000595
                    287,                0.09974,                0.09789,                0.84791,                0.99946,                      1,                  0.995,                  0.995,                0.05943,                0.07171,                0.76559,               0.000562,               0.000562,               0.000562
                    288,                0.09753,                0.09372,                0.85003,                0.99946,                      1,                  0.995,                  0.995,                0.05948,                0.06994,                0.76567,               0.000529,               0.000529,               0.000529
                    289,                0.09992,                0.09803,                0.84814,                0.99946,                      1,                  0.995,                  0.995,                0.05901,                0.06937,                0.76545,               0.000496,               0.000496,               0.000496
                    290,                0.09797,                0.09471,                0.84487,                0.99947,                      1,                  0.995,                  0.995,                0.05915,                0.07097,                0.76539,               0.000463,               0.000463,               0.000463
                    291,                0.07208,                0.06546,                 0.7888,                0.99947,                      1,                  0.995,                  0.995,                0.05886,                0.07367,                 0.7657,                0.00043,                0.00043,                0.00043
                    292,                0.07186,                 0.0649,                0.79154,                0.99947,                      1,                  0.995,                  0.995,                0.05859,                0.07181,                0.76592,               0.000397,               0.000397,               0.000397
                    293,                0.07457,                0.06538,                0.78776,                0.99947,                      1,                  0.995,                  0.995,                0.05865,                0.07056,                0.76615,               0.000364,               0.000364,               0.000364
                    294,                0.06924,                0.06309,                0.79974,                0.99947,                      1,                  0.995,                  0.995,                0.05915,                0.06915,                0.76606,               0.000331,               0.000331,               0.000331
                    295,                 0.0715,                0.06618,                0.79691,                0.99947,                      1,                  0.995,                  0.995,                0.05884,                0.06924,                0.76605,               0.000298,               0.000298,               0.000298
                    296,                0.06596,                0.06098,                0.79135,                0.99947,                      1,                  0.995,                  0.995,                0.05859,                0.07011,                0.76605,               0.000265,               0.000265,               0.000265
                    297,                0.06871,                0.06071,                0.78466,                0.99947,                      1,                  0.995,                  0.995,                0.05882,                0.06969,                0.76608,               0.000232,               0.000232,               0.000232
                    298,                0.06957,                0.06241,                0.79143,                0.99947,                      1,                  0.995,                  0.995,                0.05832,                0.06845,                0.76587,               0.000199,               0.000199,               0.000199
                    299,                0.06609,                0.06023,                0.79334,                0.99947,                      1,                  0.995,                  0.995,                0.05862,                0.06814,                0.76569,               0.000166,               0.000166,               0.000166
                    300,                0.06579,                0.06103,                0.79111,                0.99947,                      1,                  0.995,                  0.995,                0.05835,                0.06848,                0.76598,               0.000133,               0.000133,               0.000133
